{
  "my_config": {
    "horizon": 100,
    "ret_clip_quantile": 0.9691216014980767,
    "half_life": 67,
    "mean_revert_alpha": 0.07422692860276774,
    "mean_revert_start": 31,
    "fair_up_mult": 1.440627235403358,
    "fair_down_mult": 0.8997515860439114,
    "trend_lookback": 32,
    "trend_ret_thresh": 0.1540670808257611
  }
}